ONE,BL,TWO,THREE
data,t,0,22.345000
data,t,1,22.345000
data 2,f,1,22.123000
data 2,f,0,22.123000
data,t,4,22.345000
data,t,5,22.345000
data,t,6,22.345000
data,t,7,22.345000
data,t,8,22.345000
data,t,9,22.345000
